{
  "state_mean": [
    99.20438385009766,
    40.37403106689453,
    2.2931854724884033,
    1.0362440347671509,
    -1.22198486328125,
    -1.207120656967163,
    23.76862907409668
  ],
  "state_std": [
    51.18128204345703,
    21.00888442993164,
    4.048579216003418,
    5.3682661056518555,
    7.863306045532227,
    8.90125560760498,
    8.364181518554688
  ],
  "sequence_len": 30,
  "state_dim": 7,
  "hash_dim": 32,
  "resistance_mean": 0.08479934185743332,
  "resistance_std": 0.01377534493803978
}